supplier,sku,order_qty
GLZGQJ Limited,OH6780N,1150
GLZGQJ Limited,RH3256J,550
GLZGQJ Limited,CJ1092Q,700
GLZGQJ Limited,QI3152X,2500
GLZGQJ Limited,LA9291J,1650
GLZGQJ Limited,OM5361Z,1750
GLZGQJ Limited,HY5714C,850
GLZGQJ Limited,OA8754D,2100
GLZGQJ Limited,QJ4555F,1850
GLZGQJ Limited,IG8830I,750
GLZGQJ Limited,GE5838M,1150
GLZGQJ Limited,HK8522X,2500
GLZGQJ Limited,ED5974D,650
GLZGQJ Limited,JF7221G,1900
GLZGQJ Limited,XL9912F,1700
GLZGQJ Limited,GJ2843I,450
GLZGQJ Limited,GL9772Z,1550
GLZGQJ Limited,NE7372R,1050
GLZGQJ Limited,BA7941E,2000
GLZGQJ Limited,YP2237B,2400
GLZGQJ Limited,DF2501Z,500
AIDOZP Limited,XL9422G,1650
AIDOZP Limited,OG8159L,1950
AIDOZP Limited,JQ1503C,500
AIDOZP Limited,OH5879K,2200
AIDOZP Limited,JQ9709R,1200
AIDOZP Limited,MP2834G,550
AIDOZP Limited,NJ4678H,1250
AIDOZP Limited,AB6109F,550
AIDOZP Limited,CZ3984L,1550
AIDOZP Limited,MB5441H,350
AIDOZP Limited,ZF4703D,1950
AIDOZP Limited,EP5970E,350
AIDOZP Limited,NN1100I,1700
AIDOZP Limited,AM2235Z,1500
AIDOZP Limited,LE5202R,150
AIDOZP Limited,LA2087I,2350
AIDOZP Limited,RA3162P,1000
HCYDEO Limited,FI4335X,600
HCYDEO Limited,EM7299R,1450
HCYDEO Limited,RC5608N,2000
HCYDEO Limited,PF2530E,1350
HCYDEO Limited,XQ8170P,850
HCYDEO Limited,EF1617R,550
HCYDEO Limited,RP6334Y,400
HCYDEO Limited,KK6315G,500
HCYDEO Limited,KL4436I,1850
HCYDEO Limited,QF9359Y,1700
HCYDEO Limited,YL3683A,100
HCYDEO Limited,AL8110F,1150
HCYDEO Limited,BF1549B,700
HCYDEO Limited,NX8055K,1200
HCYDEO Limited,XN6158N,1500
HCYDEO Limited,YH4038C,2000
HCYDEO Limited,EO4350Z,1400
HCYDEO Limited,XA6867R,1700
HCYDEO Limited,DL8064B,2350
HCYDEO Limited,RB9295X,150
HCYDEO Limited,PX6505B,600
YGPBAM Limited,YZ7355O,300
YGPBAM Limited,XZ9133G,1600
YGPBAM Limited,JF2846Q,1350
YGPBAM Limited,FR2541A,2100
YGPBAM Limited,FQ3582X,2050
YGPBAM Limited,DE2027Y,1550
YGPBAM Limited,FZ6908Q,150
YGPBAM Limited,BD9359N,800
YGPBAM Limited,BB8550F,1600
YGPBAM Limited,CH1797M,1500
YGPBAM Limited,MR7974A,750
YGPBAM Limited,RL9371D,850
YGPBAM Limited,YI3544N,2250
YGPBAM Limited,KA7218Q,1950
YGPBAM Limited,CC1046D,550
YGPBAM Limited,EM7307R,550
YGPBAM Limited,IC3599E,600
YGPBAM Limited,CE9312N,1550
YGPBAM Limited,CD1655O,1700
YGPBAM Limited,JN3384P,650
YGPBAM Limited,QN7533B,550
YGPBAM Limited,EN2402P,550
YGPBAM Limited,PY1695O,700
YGPBAM Limited,CN6004P,500
GGBLEB Limited,OB7190K,1200
GGBLEB Limited,JC6362N,1100
GGBLEB Limited,PY6875L,150
GGBLEB Limited,ZY7064H,1250
GGBLEB Limited,YK7802R,1150
GGBLEB Limited,CK8906L,250
GGBLEB Limited,EA8231L,1200
GGBLEB Limited,PL3731L,1450
GGBLEB Limited,KP5366K,200
GGBLEB Limited,DN9058Q,1300
GGBLEB Limited,IR8465J,2100
GGBLEB Limited,OE5860E,2200
GGBLEB Limited,ZB4651B,100
GGBLEB Limited,YJ6171P,850
GGBLEB Limited,CN4141F,1650
GGBLEB Limited,PH9995N,700
GGBLEB Limited,HO1682M,1500
DMLKAP Limited,BM3992K,2150
DMLKAP Limited,GO1272M,2100
DMLKAP Limited,BY6663K,1350
DMLKAP Limited,XJ3800A,2500
DMLKAP Limited,BY7772O,1500
DMLKAP Limited,GY5118C,2350
DMLKAP Limited,YY8904C,450
DMLKAP Limited,MM2001P,2050
DMLKAP Limited,CZ9318H,650
DMLKAP Limited,YR1102X,150
DMLKAP Limited,DF5825I,1350
DMLKAP Limited,FL7253J,250
DMLKAP Limited,DD7703M,100
DMLKAP Limited,BZ6930P,2200
DMLKAP Limited,YK6063C,2100
DMLKAP Limited,KQ8021Y,1900
DMLKAP Limited,DA3047M,100
DMLKAP Limited,JL4345O,600
DMLKAP Limited,BK8328C,2050
NGDMHB Limited,HK7263H,1100
NGDMHB Limited,FN6467Y,1500
NGDMHB Limited,HO5894Y,2000
NGDMHB Limited,DM1581F,950
NGDMHB Limited,MN5476P,2100
NGDMHB Limited,FJ6702D,1400
NIILJQ Limited,KE1018R,1000
NIILJQ Limited,CF1429P,50
NIILJQ Limited,PI9627Z,50
NIILJQ Limited,ER4149Y,650
NIILJQ Limited,MN4280Z,1200
NIILJQ Limited,DR4921J,1000
NIILJQ Limited,RL4776R,1900
NIILJQ Limited,HJ6423O,1000
NIILJQ Limited,HD6326X,1650
NIILJQ Limited,EN2392J,500
NIILJQ Limited,IZ3554P,50
MLHRGX Limited,YM1999M,100
MLHRGX Limited,ZK6918G,150
MLHRGX Limited,BE6028X,2000
MLHRGX Limited,JX4521H,450
MLHRGX Limited,XC4716B,2350
MLHRGX Limited,YA9985I,1700
MLHRGX Limited,OI6278Y,1250
MLHRGX Limited,PP2705A,2400
MLHRGX Limited,GL9536B,400
MLHRGX Limited,ND5621P,500
MLHRGX Limited,YM4255E,400
MLHRGX Limited,BZ8430D,2450
KPJQZE Limited,FK1934K,50
KPJQZE Limited,QP2702O,1750
KPJQZE Limited,BO5944A,600
KPJQZE Limited,JZ3758M,1450
KPJQZE Limited,DY5460N,1450
KPJQZE Limited,IY9802N,2200
KPJQZE Limited,RK8862E,1900
KPJQZE Limited,YL3546A,800
KPJQZE Limited,ZY8981C,2450
KPJQZE Limited,OC3006Y,1150
KPJQZE Limited,HG9290H,1700
KPJQZE Limited,KZ4878L,1150
FMLQKI Limited,YA7214O,200
FMLQKI Limited,ID1637F,850
FMLQKI Limited,CX4427Q,100
FMLQKI Limited,FI3560Q,950
FMLQKI Limited,JR4054O,1300
FMLQKI Limited,LN1538Z,1300
FMLQKI Limited,JI6103B,2350
FMLQKI Limited,JZ6797Q,2150
FMLQKI Limited,IH4457F,2300
FMLQKI Limited,QY5454Y,450
LIKEIL Limited,YI5913F,350
LIKEIL Limited,YC7500H,2050
LIKEIL Limited,CI4046J,1400
LIKEIL Limited,XJ1543X,500
LIKEIL Limited,RK7193O,1950
LIKEIL Limited,HO4287Z,2000
LIKEIL Limited,YD8764I,550
LIKEIL Limited,YP5583C,950
LIKEIL Limited,FK7786J,1300
LIKEIL Limited,RG6063F,100
LIKEIL Limited,JG4924Z,2450
LIKEIL Limited,ZP4308I,1450
BKFRAK Limited,JH6523E,1700
BKFRAK Limited,JY9853O,450
BKFRAK Limited,XY2157D,1550
BKFRAK Limited,BK7450L,1150
BKFRAK Limited,LI2190D,500
BKFRAK Limited,FB9963J,1400
GYXNJM Limited,FM6612Z,1950
GYXNJM Limited,LF5492B,1700
GYXNJM Limited,II3115M,400
GYXNJM Limited,XJ2405M,50
JNFYAI Limited,IY6179O,1300
JNFYAI Limited,LC6739D,2250
JNFYAI Limited,AH6174C,2100
JNFYAI Limited,IL5234O,1400
JNFYAI Limited,RQ2304L,550
JNFYAI Limited,LI7908O,1200
JNFYAI Limited,ND5313Y,2300
JNFYAI Limited,XE1404C,2300
JNFYAI Limited,JA6074P,1200
JNFYAI Limited,ME9644L,1100
JNFYAI Limited,YA9884F,2350
JNFYAI Limited,AL9072R,500
JNFYAI Limited,IC5325E,1850
JNFYAI Limited,OJ5505O,300
JNFYAI Limited,YQ6703Z,600
JNFYAI Limited,FN2747N,2400
JNFYAI Limited,CE7343K,1550
OBRERL Limited,AZ7942G,2000
OBRERL Limited,DL5903F,1500
OBRERL Limited,JR7077H,600
OBRERL Limited,XD4779L,2250
OBRERL Limited,OB3864H,1450
OBRERL Limited,CE6586X,950
OBRERL Limited,QL1961C,2300
OBRERL Limited,HG2750K,1050
OBRERL Limited,BX4811R,1950
OBRERL Limited,RD5971E,650
OBRERL Limited,OG3386Q,1750
OBRERL Limited,AQ2002L,1250
OBRERL Limited,IQ3083R,1000
OBRERL Limited,DN6414X,900
OBRERL Limited,MR7128R,1100
OBRERL Limited,EG7747R,1700
OBRERL Limited,HL4004O,1500
OBRERL Limited,AX2781E,2400
OBRERL Limited,CC6294D,2150
OBRERL Limited,KF3475H,750
OBLZCY Limited,ZY1045B,500
OBLZCY Limited,GI8639Y,2500
OBLZCY Limited,DM7144J,1300
OBLZCY Limited,OR5197F,2100
OBLZCY Limited,LO1366J,900
OBLZCY Limited,NK8267C,1450
OBLZCY Limited,JA5207K,2250
OBLZCY Limited,GZ6263D,1500
OBLZCY Limited,OZ3193G,1000
OBLZCY Limited,CI2278A,250
OBLZCY Limited,CQ2188O,1700
OBLZCY Limited,EL9157J,150
OBLZCY Limited,RQ4254O,1150
OBLZCY Limited,ZY7991L,1300
NBKNKY Limited,XN6480Z,1250
NBKNKY Limited,MM9221B,850
NBKNKY Limited,MG1701P,1600
NBKNKY Limited,RO7936K,450
NBKNKY Limited,CY8562C,800
NBKNKY Limited,PG7488J,2300
NBKNKY Limited,IO5969G,1050
NBKNKY Limited,RR1849H,400
NBKNKY Limited,BH1750P,900
NBKNKY Limited,OZ6360R,350
NBKNKY Limited,JF2109D,50
NBKNKY Limited,BH3736J,250
NBKNKY Limited,GO5157O,100
NBKNKY Limited,LM2110I,50
AEGEQX Limited,JK7643O,1650
AEGEQX Limited,IL5743R,1350
AEGEQX Limited,XJ3565X,1700
AEGEQX Limited,LE7257H,500
AEGEQX Limited,HC1432Z,100
AEGEQX Limited,KO2501P,300
AEGEQX Limited,GR3660C,1200
AEGEQX Limited,IN2657O,2350
AEGEQX Limited,RE8846K,2000
AEGEQX Limited,RQ4900D,1950
AEGEQX Limited,NH1110H,1150
AEGEQX Limited,LY7731C,100
AEGEQX Limited,QZ8453R,50
AEGEQX Limited,PP2461O,150
AEGEQX Limited,HZ2753G,1400
AEGEQX Limited,LK7014M,600
AEGEQX Limited,LL6525M,200
AEGEQX Limited,IM4642Q,250
AEGEQX Limited,NR2807K,1450
AEGEQX Limited,YR1893P,800
AEGEQX Limited,QP6909A,2350
AEGEQX Limited,AJ1565I,450
AEGEQX Limited,GX1656G,650
AEGEQX Limited,FN8032P,1750
PBAOLR Limited,DG6344K,100
PBAOLR Limited,ZX9171B,1300
PBAOLR Limited,KB8240B,1950
PBAOLR Limited,NJ1047D,1550
PBAOLR Limited,CR3363X,1100
PBAOLR Limited,NB1248G,1150
PBAOLR Limited,OA6415C,1450
PBAOLR Limited,ZL7247Y,1450
PBAOLR Limited,GI3789L,2200
PBAOLR Limited,HY8503F,700
PBAOLR Limited,HA6973E,2300
PBAOLR Limited,ZG8898D,600
PBAOLR Limited,DI1247D,1800
PBAOLR Limited,DP6391G,50
PBAOLR Limited,MB3339C,1950
PBAOLR Limited,ID7372H,1800
PBAOLR Limited,IK4495B,1350
PBAOLR Limited,LO8983A,1750
PBAOLR Limited,DP2683K,2150
PBAOLR Limited,RO4378H,2250
QBKOYI Limited,JB3210Z,2150
QBKOYI Limited,AG4558R,1800
QBKOYI Limited,IP3397Q,1050
QBKOYI Limited,AN4523A,1800
QBKOYI Limited,LR8607X,300
QBKOYI Limited,YR9636G,250
QBKOYI Limited,QQ8748P,550
QBKOYI Limited,HB9903M,1150
QBKOYI Limited,NX8320Q,1150
QBKOYI Limited,GN4691P,450
QBKOYI Limited,YB7213K,1350
QBKOYI Limited,YY8371Q,1200
QBKOYI Limited,NE6311C,2300
QBKOYI Limited,CX3598E,1250
QBKOYI Limited,OY9608Y,1900
QBKOYI Limited,JZ2921E,1500
QBKOYI Limited,JL6652R,350
QBKOYI Limited,OD6971O,850
QBKOYI Limited,PG8096F,1050
QBKOYI Limited,MD2177C,2300
QBKOYI Limited,RM8931K,250
QBKOYI Limited,GH8517M,2050
QBKOYI Limited,GQ8993O,2200
QBKOYI Limited,CI4912D,150
QBKOYI Limited,EB7582H,2400
QBKOYI Limited,IE1306Q,1500
QBKOYI Limited,HC8799G,1500
QBKOYI Limited,XO5691E,2150
QBKOYI Limited,RL3762R,1250
QBKOYI Limited,DD9768J,1600
QBKOYI Limited,IZ1014J,1350
QBKOYI Limited,RI9779I,50
QBKOYI Limited,EB1135G,300
QBKOYI Limited,MC3743H,2300
QBKOYI Limited,FK1526O,1450
QBKOYI Limited,PE4705J,700
QBKOYI Limited,OF1008G,1050
QBKOYI Limited,AY5334L,1250
QBKOYI Limited,CF1950F,1900
QBKOYI Limited,GG4421B,2150
QBKOYI Limited,FN9356Y,1600
QBKOYI Limited,MJ7425I,2350
QBKOYI Limited,AP4947I,2100
QBKOYI Limited,MR5783L,1900
QBKOYI Limited,NC7450H,2450
QBKOYI Limited,MZ8902H,1350
QBKOYI Limited,PZ4417E,750
QBKOYI Limited,AL5006B,350
QBKOYI Limited,DI3583P,350
QBKOYI Limited,OG6304H,1050
QBKOYI Limited,IN3764R,1200
QBKOYI Limited,AM3551X,2150
QBKOYI Limited,XL3261N,1950
QBKOYI Limited,YL4843C,900
QBKOYI Limited,XD6105M,1750
QBKOYI Limited,KX7126Q,150
QBKOYI Limited,GO3539P,800
QBKOYI Limited,CI6647I,600
QBKOYI Limited,OK4763N,1050
QBKOYI Limited,BQ1916P,2000
QBKOYI Limited,NZ5995M,1000
QBKOYI Limited,BQ3205P,2150
QBKOYI Limited,YX1119B,1150
QBKOYI Limited,FB7873D,1850
QBKOYI Limited,EQ4941C,2150
QBKOYI Limited,DI5648K,1700
QBKOYI Limited,HZ5790R,1100
QBKOYI Limited,RR4544N,800
QBKOYI Limited,IA1473Y,2350
QBKOYI Limited,XZ3189D,1650
QBKOYI Limited,JK3415P,150
QBKOYI Limited,NK7985E,2300
QBKOYI Limited,KK3901N,950
QBKOYI Limited,OH6631L,750
QBKOYI Limited,GC8936N,500
YKKFMC Limited,EA5864R,550
YKKFMC Limited,ZR1963Z,1750
YKKFMC Limited,BO4148O,1800
YKKFMC Limited,OM3931E,250
YKKFMC Limited,QF8270B,650
YKKFMC Limited,OC7288M,750
YKKFMC Limited,AP8107R,1250
YKKFMC Limited,RX9124N,600
YKKFMC Limited,FG8572K,1600
YKKFMC Limited,ZY9000E,1550
YKKFMC Limited,XQ1464H,500
YKKFMC Limited,ZK6152Z,500
YKKFMC Limited,MB3144R,950
YKKFMC Limited,DM1509E,1450
YKKFMC Limited,IO5849Y,450
YKKFMC Limited,YO8828B,450
YKKFMC Limited,CC7396I,200
YKKFMC Limited,HA1974K,100
YKKFMC Limited,PM7940Y,100
YKKFMC Limited,LB1702D,1250
YKKFMC Limited,XY8360G,1050
YKKFMC Limited,MK5955L,1000
YKKFMC Limited,CC5622B,1750
YKKFMC Limited,HI9164N,2000
YKKFMC Limited,HD8879M,600
YKKFMC Limited,LG6038F,1650
YKKFMC Limited,EE6164G,1750
YKKFMC Limited,RB5197C,950
YKKFMC Limited,ZY5241N,850
YKKFMC Limited,PR5126Q,2400
YKKFMC Limited,CH7658J,1700
YKKFMC Limited,JN7217D,100
YKKFMC Limited,QK4785I,2350
YKKFMC Limited,RO8582R,1950
YKKFMC Limited,XC4853H,1650
YKKFMC Limited,BG2568B,2400
YKKFMC Limited,FK4180M,2200
YKKFMC Limited,YY4380D,2350
YKKFMC Limited,XY8042H,1300
YKKFMC Limited,PR1105C,1700
YKKFMC Limited,JE2747F,1900
YKKFMC Limited,LP2542D,1500
YKKFMC Limited,YH7131G,150
YKKFMC Limited,XO5373Q,1350
YKKFMC Limited,XO5051D,950
YKKFMC Limited,IB5634H,2150
YKKFMC Limited,DO8344R,2250
YKKFMC Limited,OZ8399H,1250
YKKFMC Limited,CY4735N,100
YKKFMC Limited,XM3528N,400
YKKFMC Limited,KK4645F,1650
YKKFMC Limited,CY6883Y,1250
YKKFMC Limited,GC9320F,600
YKKFMC Limited,FG1405N,2050
YKKFMC Limited,DJ8490P,300
YKKFMC Limited,OK4886I,1000
YKKFMC Limited,BN5452I,1100
YKKFMC Limited,QE4800R,1500
YKKFMC Limited,IE5492M,200
YKKFMC Limited,MB9821F,950
YKKFMC Limited,HJ9377H,1350
YKKFMC Limited,YL7431D,1150
YKKFMC Limited,MC5644Z,1300
YKKFMC Limited,LL1323P,500
YKKFMC Limited,HA9068M,2450
YKKFMC Limited,YA9995B,300
YKKFMC Limited,MO6750D,100
YKKFMC Limited,DY4842P,1000
YKKFMC Limited,RL5696L,350
YKKFMC Limited,DB9934O,750
YKKFMC Limited,LL5866I,850
YKKFMC Limited,ZG3096A,2150
YKKFMC Limited,CN7260N,1300
YKKFMC Limited,OP9438Y,2150
MRZDGX Limited,OC8995D,400
MRZDGX Limited,CD3078E,2400
MRZDGX Limited,ZE7892J,2250
MRZDGX Limited,KL1905Z,1300
MRZDGX Limited,FL6113B,1600
MRZDGX Limited,ZD3072D,2350
MRZDGX Limited,YE4954O,1000
MRZDGX Limited,BX5166L,600
MRZDGX Limited,QA6662B,500
MRZDGX Limited,RL7773Z,550
MRZDGX Limited,XP1252A,450
MRZDGX Limited,DZ2835L,1850
MRZDGX Limited,KL3793O,300
MRZDGX Limited,LI2365B,1100
MRZDGX Limited,MI8759N,1850
MRZDGX Limited,BD7070F,50
MRZDGX Limited,ZL8783N,1450
MRZDGX Limited,AK1495Z,2300
MRZDGX Limited,DM9449Y,1450
MRZDGX Limited,DD2858Y,1600
MRZDGX Limited,EG1064G,2450
MRZDGX Limited,JE8214Y,1550
MRZDGX Limited,RE7390G,1100
MRZDGX Limited,QK9696O,850
MRZDGX Limited,GB9011X,1200
MRZDGX Limited,AR9726H,2200
MRZDGX Limited,XE8634D,300
MRZDGX Limited,CJ8023Q,2150
MRZDGX Limited,ZC8152K,2350
MRZDGX Limited,JH9574K,1350
MRZDGX Limited,KP2836O,1800
MRZDGX Limited,QO6492Q,800
MRZDGX Limited,ME4933M,2450
MRZDGX Limited,II7444F,1650
MRZDGX Limited,QC6411M,2000
MRZDGX Limited,GM7671J,2250
MRZDGX Limited,XQ7350D,2500
MRZDGX Limited,QI7374R,1400
MRZDGX Limited,RI5085O,750
MRZDGX Limited,AC5162Y,2350
MRZDGX Limited,QA2149L,1950
MRZDGX Limited,GZ9631G,2000
MRZDGX Limited,BI1650H,1200
MRZDGX Limited,PH6070J,1400
MRZDGX Limited,QP7713O,1050
MRZDGX Limited,EJ7365B,2450
MRZDGX Limited,RQ2205I,1650
MRZDGX Limited,JM9049L,2400
MRZDGX Limited,LJ2442F,1250
MRZDGX Limited,QP2017X,150
MRZDGX Limited,JF1916Q,2450
MRZDGX Limited,BB6939R,650
MRZDGX Limited,NE9172C,1850
MRZDGX Limited,OX8280P,2000
MRZDGX Limited,MO1617L,950
MRZDGX Limited,GO4390J,2400
MRZDGX Limited,KR2712A,2400
MRZDGX Limited,KX4287J,500
MRZDGX Limited,JH6833F,1750
MRZDGX Limited,ZR4028G,1650
MRZDGX Limited,AD7699X,600
MRZDGX Limited,IA2727F,800
MRZDGX Limited,FR6434C,2300
MRZDGX Limited,IY4161D,1750
MRZDGX Limited,NG8625X,250
MRZDGX Limited,MA7958J,2350
MRZDGX Limited,JC6070E,150
MRZDGX Limited,EE1838L,950
MRZDGX Limited,EZ7431C,450
MRZDGX Limited,KB6437L,450
MRZDGX Limited,MD8603F,950
MRZDGX Limited,RJ3533P,650
MRZDGX Limited,KC3168I,1750
MRZDGX Limited,BA2808I,450
MRZDGX Limited,MP7454K,250
MRZDGX Limited,BD2299P,2350
MRZDGX Limited,LR6311J,200
MRZDGX Limited,HH8128R,2400
MRZDGX Limited,CI3015C,1200
MRZDGX Limited,QE3584A,250
MRZDGX Limited,HD1748X,2200
MRZDGX Limited,JK2022M,750
MRZDGX Limited,JY3083M,1750
MRZDGX Limited,CC7309A,1700
MRZDGX Limited,AP8729A,2500
MRZDGX Limited,YH8413A,1050
MRZDGX Limited,EG2575P,1050
MRZDGX Limited,XQ3504Y,300
MRZDGX Limited,RM3692P,1850
MRZDGX Limited,IZ1769F,2450
MRZDGX Limited,QF7619A,2250
MRZDGX Limited,NA1143Q,800
MRZDGX Limited,MQ2148Y,950
MRZDGX Limited,ZE2271I,1300
MRZDGX Limited,DQ9936F,900
MRZDGX Limited,EC3021Z,400
MRZDGX Limited,CG9920N,950
MRZDGX Limited,BN7833E,2050
MRZDGX Limited,PQ8570H,250
MRZDGX Limited,BL7554I,1500
MRZDGX Limited,YA2781X,1800
MRZDGX Limited,IH6497D,900
MRZDGX Limited,DQ6838Z,700
MRZDGX Limited,BF5578I,950
MRZDGX Limited,CB5473D,350
MRZDGX Limited,NQ4723E,1400
MRZDGX Limited,QE6112F,100
MRZDGX Limited,NA5167L,800
MRZDGX Limited,XY9814H,1100
MRZDGX Limited,QJ9061P,500
MRZDGX Limited,FN9051X,1900
MRZDGX Limited,MF3503B,1150
MRZDGX Limited,FQ7095C,1400
MRZDGX Limited,OH5034R,300
MRZDGX Limited,IL9640B,1300
MRZDGX Limited,MN6201O,850
MRZDGX Limited,FQ3914D,2200
MRZDGX Limited,FX3576K,1200
MRZDGX Limited,BG6981B,1400
MRZDGX Limited,OJ8719N,750
MRZDGX Limited,EL3638P,1100
MRZDGX Limited,KO6632Q,1900
MRZDGX Limited,IX5158A,450
MRZDGX Limited,ZH5856D,1600
MRZDGX Limited,XA7818E,150
MRZDGX Limited,QQ5623C,850
MRZDGX Limited,YC4484F,250
MRZDGX Limited,DM5280H,1800
MRZDGX Limited,HP9756H,1050
MRZDGX Limited,BX7635C,800
PQDKMO Limited,RC5576P,900
PQDKMO Limited,KZ1005F,2050
PQDKMO Limited,RH1204R,1500
PQDKMO Limited,HY9105Z,100
PQDKMO Limited,QK7221I,1200
PQDKMO Limited,JR9253F,900
PQDKMO Limited,CM4952J,1300
PQDKMO Limited,NQ9144F,2400
PQDKMO Limited,AA2959M,1700
PQDKMO Limited,DO5557J,1450
PQDKMO Limited,LX9874A,800
PQDKMO Limited,EO9568Z,650
PQDKMO Limited,FA5078A,2000
PQDKMO Limited,KN1485N,450
PQDKMO Limited,LK3017N,1450
PQDKMO Limited,NB4064E,1600
PQDKMO Limited,DJ6818B,1950
PQDKMO Limited,QD6798M,1700
PQDKMO Limited,QJ4424R,1850
PQDKMO Limited,AD3937K,300
PQDKMO Limited,XN5738N,900
PQDKMO Limited,LF6871B,1350
PQDKMO Limited,QH3978N,150
PQDKMO Limited,XD5716X,200
PQDKMO Limited,PP3744K,1000
PQDKMO Limited,OX9118H,2350
PQDKMO Limited,AB7692J,2050
PQDKMO Limited,XE4612J,2500
PQDKMO Limited,GY8705I,2200
PQDKMO Limited,YK6468Y,350
PQDKMO Limited,FG3941Q,950
PQDKMO Limited,GM5617O,900
PQDKMO Limited,ED7471H,950
PQDKMO Limited,RA8979M,100
PQDKMO Limited,NQ5327K,2250
PQDKMO Limited,PZ3197P,2450
PQDKMO Limited,ZE3278K,1800
PQDKMO Limited,DB7082H,150
PQDKMO Limited,FB5076I,1100
PQDKMO Limited,FI4145L,500
PQDKMO Limited,OY7711C,1600
PQDKMO Limited,RG5865R,2150
PQDKMO Limited,HQ3255J,700
PQDKMO Limited,YC9757L,2250
PQDKMO Limited,OP7631B,1400
PQDKMO Limited,RO1337M,1350
PQDKMO Limited,BB2405Y,250
PQDKMO Limited,BK3316I,2200
PQDKMO Limited,QD8272H,1850
PQDKMO Limited,YZ2615I,350
PQDKMO Limited,IL2667K,2400
PQDKMO Limited,MF3977B,1600
PQDKMO Limited,AD8323L,1100
PQDKMO Limited,YZ3404M,1550
PQDKMO Limited,ZN3623G,500
PQDKMO Limited,AF5024A,350
PQDKMO Limited,ZF3308E,1600
PQDKMO Limited,ZZ7706I,1950
PQDKMO Limited,OK3401N,2450
PQDKMO Limited,AC7988O,2250
PQDKMO Limited,AQ7950G,1850
PQDKMO Limited,ZK4631O,1000
PQDKMO Limited,JM5830K,850
PQDKMO Limited,PG8301N,700
PQDKMO Limited,KZ6841C,2050
PQDKMO Limited,XB2589L,250
PQDKMO Limited,DM8333A,800
PQDKMO Limited,GJ9714Y,950
PQDKMO Limited,GX8654H,1900
PQDKMO Limited,CM3801H,200
PQDKMO Limited,NR8835N,650
PQDKMO Limited,CD6031K,2300
PQDKMO Limited,NG1409L,1050
PQDKMO Limited,DO1183C,1100
PQDKMO Limited,AD2062C,1800
PQDKMO Limited,FI2308Y,2050
PQDKMO Limited,NM7397E,600
PQDKMO Limited,ME5100J,1200
PQDKMO Limited,BP7669O,1850
PQDKMO Limited,DQ8454E,1450
PQDKMO Limited,FD8638C,50
PQDKMO Limited,PK8786C,150
PQDKMO Limited,ZX3548E,1350
PQDKMO Limited,KE1676P,1400
PQDKMO Limited,NJ1520E,1450
PQDKMO Limited,ZC5735G,750
PQDKMO Limited,GH7932P,1950
PQDKMO Limited,NR7859I,400
PQDKMO Limited,EH8282D,100
PQDKMO Limited,CE9576Y,2050
PQDKMO Limited,OG3848X,2100
PQDKMO Limited,YK4724A,1350
PQDKMO Limited,IA4077G,2200
PQDKMO Limited,PY5191Y,1850
PQDKMO Limited,DK1823O,400
PQDKMO Limited,ZJ7195Z,450
PQDKMO Limited,CI4985R,500
PQDKMO Limited,NF3491O,1250
PQDKMO Limited,IE2318J,800
PQDKMO Limited,GA6780C,1050
PQDKMO Limited,NK4853Z,350
PQDKMO Limited,BD3693Z,1300
PQDKMO Limited,ZX1284R,1400
PQDKMO Limited,KH2173K,2300
PQDKMO Limited,FZ2915D,1400
PQDKMO Limited,RE2943I,2400
PQDKMO Limited,MB7287Z,1900
PQDKMO Limited,FH2184N,2250
PQDKMO Limited,GI3393R,200
PQDKMO Limited,OX7950M,650
PQDKMO Limited,YR7800Y,1500
PQDKMO Limited,HC9119H,1150
PQDKMO Limited,AA8959B,1700
PQDKMO Limited,OH9350A,1250
PQDKMO Limited,OR7612F,50
MBGBXZ Limited,BA8493A,1050
MBGBXZ Limited,GZ3115F,950
MBGBXZ Limited,EC7849C,1400
MBGBXZ Limited,IA1842F,2250
MBGBXZ Limited,HJ2839A,700
MBGBXZ Limited,ZX8749M,1200
MBGBXZ Limited,RP5005Y,150
MBGBXZ Limited,LE2435A,1750
MBGBXZ Limited,YL8673X,1050
MBGBXZ Limited,NH7852B,1050
MBGBXZ Limited,LZ1862I,1200
MBGBXZ Limited,HM6128C,50
MBGBXZ Limited,AG3756P,1900
MBGBXZ Limited,JJ9258X,1900
MBGBXZ Limited,MO9148C,900
MBGBXZ Limited,BC1502F,2050
MBGBXZ Limited,HZ3686R,1800
MBGBXZ Limited,QB6315P,1200
MBGBXZ Limited,BZ5751I,350
MBGBXZ Limited,CD8048P,1150
MBGBXZ Limited,DJ9449Z,2250
MBGBXZ Limited,QG2396O,650
MBGBXZ Limited,CB2829H,2250
MBGBXZ Limited,EB7587P,1450
MBGBXZ Limited,MJ3540R,1700
MBGBXZ Limited,GH9071Z,600
MBGBXZ Limited,FG1690H,1900
MBGBXZ Limited,YM4531N,550
MBGBXZ Limited,XK4350D,2400
MBGBXZ Limited,YK4623I,350
MBGBXZ Limited,FH5982D,1250
MBGBXZ Limited,AR5914C,1300
MBGBXZ Limited,BN7805I,2150
MBGBXZ Limited,NX7529G,1900
MBGBXZ Limited,OA6241M,150
MBGBXZ Limited,FF6391P,850
MBGBXZ Limited,KE4666X,1700
MBGBXZ Limited,GK6745L,1150
MBGBXZ Limited,YK3215A,500
MBGBXZ Limited,NJ1052Q,450
MBGBXZ Limited,GF1256X,800
MBGBXZ Limited,LQ9855N,1550
MBGBXZ Limited,XQ5197O,1100
MBGBXZ Limited,FM4263G,2450
MBGBXZ Limited,CM6474E,1250
MBGBXZ Limited,ER7072L,450
MBGBXZ Limited,MF5324H,950
MBGBXZ Limited,IE6429Y,1100
MBGBXZ Limited,ZF7816G,250
MBGBXZ Limited,QL9119Y,2000
MBGBXZ Limited,LZ7774J,1050
MBGBXZ Limited,QR3405A,1600
MBGBXZ Limited,GG2239R,550
MBGBXZ Limited,EM4511G,1600
MBGBXZ Limited,DL8297C,2200
MBGBXZ Limited,YN4220H,750
MBGBXZ Limited,LP3393P,850
MBGBXZ Limited,CF7278X,1700
MBGBXZ Limited,HQ7444Q,1200
MBGBXZ Limited,ZB5438X,1600
MBGBXZ Limited,RF3069P,2050
MBGBXZ Limited,HK5620Q,2150
MBGBXZ Limited,MO8550B,750
MBGBXZ Limited,IQ6455O,2000
MBGBXZ Limited,EP9821G,2350
MBGBXZ Limited,IM8639N,550
MBGBXZ Limited,BO3979E,1000
MBGBXZ Limited,JQ2651M,1250
MBGBXZ Limited,LA3924X,2150
MBGBXZ Limited,ER9595L,1450
MBGBXZ Limited,AR9219N,350
MBGBXZ Limited,FO1130L,450
MBGBXZ Limited,FH5433A,1850
MBGBXZ Limited,RF6640P,1450
MBGBXZ Limited,PK6234I,2200
MBGBXZ Limited,JK7551D,1650
MBGBXZ Limited,GE1788Z,450
MBGBXZ Limited,PB7764Y,2050
MFLKGM Limited,JO7814I,1400
MFLKGM Limited,FX6782M,2500
MFLKGM Limited,DR4687E,2200
MFLKGM Limited,ZD5596M,200
MFLKGM Limited,IQ3538L,2050
MFLKGM Limited,KC5247L,300
MFLKGM Limited,OE4196M,1100
MFLKGM Limited,II5985A,650
MFLKGM Limited,NJ4421K,1600
MFLKGM Limited,RD1135D,1600
MFLKGM Limited,LF8308P,2300
MFLKGM Limited,QZ9961N,750
MFLKGM Limited,FE9160K,950
MFLKGM Limited,QR6235I,1550
FYOOXN Limited,NF2750R,700
FYOOXN Limited,CD3901A,300
FYOOXN Limited,AG9429I,2000
FYOOXN Limited,QD9344N,1150
FYOOXN Limited,IG1615H,2350
FYOOXN Limited,DR8533M,1250
FYOOXN Limited,LX9073Q,950
FYOOXN Limited,KA4843I,600
FYOOXN Limited,MC4111N,1650
FYOOXN Limited,JZ3892J,1950
FYOOXN Limited,MK1678H,850
FYOOXN Limited,ZQ1818E,2250
FYOOXN Limited,FG2038N,1450
FYOOXN Limited,HB1044L,700
ICMFEH Limited,FB6385Q,2050
ICMFEH Limited,BE2281K,1250
ICMFEH Limited,LP1123C,200
ICMFEH Limited,KZ8864I,2400
ICMFEH Limited,HL8548N,1150
ICMFEH Limited,ND9959A,2050
ICMFEH Limited,OR7548N,1450
ICMFEH Limited,GK4394M,1900
ICMFEH Limited,PA6891R,500
ICMFEH Limited,EI9297P,1750
ICMFEH Limited,EL6793Z,1250
ICMFEH Limited,XL6342F,2250
ICMFEH Limited,YI5623P,1800
RZQGRE Limited,YJ5757G,1550
RZQGRE Limited,NH2187C,2500
RZQGRE Limited,AE8303F,1600
RZQGRE Limited,MN1354F,500
RZQGRE Limited,DE9232P,950
RZQGRE Limited,OC6163Q,2500
RZQGRE Limited,LP9037D,200
RZQGRE Limited,LF1385R,250
RZQGRE Limited,AQ9336N,1900
RZQGRE Limited,MK2848B,1350
RZQGRE Limited,NL6692O,2150
RZQGRE Limited,BR4259G,1800
RZQGRE Limited,HL2745X,1650
RZQGRE Limited,NA5859J,1750
RZQGRE Limited,OK8199P,700
RZQGRE Limited,CK7141G,650
RZQGRE Limited,OR1811D,1650
RZQGRE Limited,PJ9080F,350
RZQGRE Limited,PH4485E,1700
RZQGRE Limited,DD4764X,550
FZEXLD Limited,XZ2147D,2100
FZEXLD Limited,PH5296F,2100
FZEXLD Limited,FO2217B,1800
FZEXLD Limited,FM2943B,1950
FZEXLD Limited,QN1329O,700
FZEXLD Limited,ZO8404M,500
FZEXLD Limited,MO7815A,2450
FZEXLD Limited,KI3598A,2300
FZEXLD Limited,LC3861J,650
FZEXLD Limited,YR9018K,350
FZEXLD Limited,MZ2368Q,1950
FZEXLD Limited,GQ2022B,1100
FZEXLD Limited,OO6839O,2250
