supplier,sku,order_qty
GLZGQJ Limited,OH6780N,1150
AIDOZP Limited,XL9422G,1650
YGPBAM Limited,YZ7355O,300
GGBLEB Limited,OB7190K,1200
NGDMHB Limited,QQ9111Q,500
NIILJQ Limited,KE1018R,1000
MLHRGX Limited,YM1999M,100
BKFRAK Limited,JH6523E,1700
GYXNJM Limited,FM6612Z,1950
JNFYAI Limited,IY6179O,1300
NBKNKY Limited,XN6480Z,1250
AEGEQX Limited,JK7643O,1650
PBAOLR Limited,DG6344K,100
QBKOYI Limited,JB3210Z,2150
YKKFMC Limited,NC2084D,50
MBGBXZ Limited,BA8493A,1050
MFLKGM Limited,JO7814I,1400
GLZGQJ Limited,BB2176E,700
AIDOZP Limited,OG8159L,1950
HCYDEO Limited,FI4335X,600
YGPBAM Limited,XZ9133G,1600
KPJQZE Limited,FK1934K,50
OBLZCY Limited,ZY1045B,500
AEGEQX Limited,IL5743R,1350
YKKFMC Limited,EA5864R,550
PQDKMO Limited,OE6890G,300
MBGBXZ Limited,GZ3115F,950
FYOOXN Limited,BF6534J,400
RZQGRE Limited,YJ5757G,1550
FZEXLD Limited,XZ2147D,2100
AIDOZP Limited,GP9007J,2100
HCYDEO Limited,BD3751F,1100
YGPBAM Limited,JF2846Q,1350
GGBLEB Limited,DY7026N,1750
DMLKAP Limited,BM3992K,2150
AEGEQX Limited,DX9984E,950
PBAOLR Limited,OH3100B,2050
QBKOYI Limited,AG4558R,1800
YKKFMC Limited,ZR1963Z,1750
MRZDGX Limited,OC8995D,400
PQDKMO Limited,RC5576P,900
MBGBXZ Limited,EC7849C,1400
MFLKGM Limited,FX6782M,2500
FYOOXN Limited,RZ6051O,1950
RZQGRE Limited,NH2187C,2500
GLZGQJ Limited,HR3499H,1750
HCYDEO Limited,HG6727E,400
YGPBAM Limited,FR2541A,2100
GGBLEB Limited,JC6362N,1100
DMLKAP Limited,LI5985B,2100
OBRERL Limited,AZ7942G,2000
OBLZCY Limited,GI8639Y,2500
NBKNKY Limited,MM9221B,850
AEGEQX Limited,KY5010N,900
PBAOLR Limited,ZX9171B,1300
QBKOYI Limited,IP3397Q,1050
MRZDGX Limited,CD3078E,2400
PQDKMO Limited,AF8053R,1000
MBGBXZ Limited,IA1842F,2250
MFLKGM Limited,MY6804Q,1350
ICMFEH Limited,FB6385Q,2050
RZQGRE Limited,EI5711Y,1800
AIDOZP Limited,JQ1503C,500
HCYDEO Limited,EM7299R,1450
DMLKAP Limited,GO1272M,2100
PQDKMO Limited,KZ1005F,2050
MBGBXZ Limited,HJ2839A,700
MFLKGM Limited,DR4687E,2200
FYOOXN Limited,IE1574P,2300
ICMFEH Limited,BE2281K,1250
FZEXLD Limited,PH5296F,2100
GLZGQJ Limited,RH3256J,550
AIDOZP Limited,OH5879K,2200
YGPBAM Limited,FQ3582X,2050
GGBLEB Limited,PY6875L,150
DMLKAP Limited,AM9167O,1400
NGDMHB Limited,HK7263H,1100
NIILJQ Limited,CF1429P,50
MLHRGX Limited,EZ6906R,1650
KPJQZE Limited,MA9760P,1700
LIKEIL Limited,PE2089D,1700
OBRERL Limited,NR6380I,1700
NBKNKY Limited,MG1701P,1600
AEGEQX Limited,XJ3565X,1700
QBKOYI Limited,AN4523A,1800
YKKFMC Limited,JO9313N,1950
MRZDGX Limited,ZE7892J,2250
PQDKMO Limited,RH1204R,1500
MBGBXZ Limited,PM7632C,2200
MRZDGX Limited,KL1905Z,1300
PQDKMO Limited,XK1672B,1150
MBGBXZ Limited,AD2867I,200
MFLKGM Limited,ZD5596M,200
FYOOXN Limited,NF2750R,700
ICMFEH Limited,LP1123C,200
RZQGRE Limited,AE8303F,1600
AIDOZP Limited,JQ9709R,1200
HCYDEO Limited,KD5409D,400
YGPBAM Limited,GY9655D,100
GGBLEB Limited,ZY7064H,1250
DMLKAP Limited,BY6663K,1350
NGDMHB Limited,FN6467Y,1500
MLHRGX Limited,MX3111F,1150
FMLQKI Limited,YA7214O,200
JNFYAI Limited,LC6739D,2250
OBRERL Limited,DL5903F,1500
OBLZCY Limited,YY8931X,300
NBKNKY Limited,RY4726G,1150
AEGEQX Limited,LR7280I,950
PBAOLR Limited,KB8240B,1950
QBKOYI Limited,LR8607X,300
YKKFMC Limited,BO4148O,1800
PQDKMO Limited,HY9105Z,100
MBGBXZ Limited,ZX8749M,1200
QBKOYI Limited,AH4208L,950
PQDKMO Limited,MR4258E,1800
MBGBXZ Limited,RP5005Y,150
MRZDGX Limited,QN9016A,400
PQDKMO Limited,KB1782D,2250
QBKOYI Limited,YR9636G,250
PQDKMO Limited,PD9558R,2450
MBGBXZ Limited,LE2435A,1750
MRZDGX Limited,ZO3606I,2150
PQDKMO Limited,QK7221I,1200
QBKOYI Limited,QQ8748P,550
PQDKMO Limited,JR9253F,900
MBGBXZ Limited,YL8673X,1050
PQDKMO Limited,CM4952J,1300
YKKFMC Limited,OM3931E,250
MRZDGX Limited,ZG5767Q,950
PQDKMO Limited,OO8995Z,1300
MBGBXZ Limited,HL7369O,900
MRZDGX Limited,FL6113B,1600
YKKFMC Limited,FD2496Y,600
MRZDGX Limited,EY2431L,2100
PQDKMO Limited,IE4455M,2250
MRZDGX Limited,ZD3072D,2350
YKKFMC Limited,QF8270B,650
MRZDGX Limited,YE4954O,1000
PQDKMO Limited,EI7641O,150
MBGBXZ Limited,NH7852B,1050
MRZDGX Limited,BX5166L,600
PQDKMO Limited,RG4956Z,150
QBKOYI Limited,HB9903M,1150
MRZDGX Limited,QA6662B,500
PQDKMO Limited,NQ9144F,2400
MBGBXZ Limited,LZ1862I,1200
PQDKMO Limited,AA2959M,1700
MRZDGX Limited,NP7356H,1600
MRZDGX Limited,FP5705D,1000
PQDKMO Limited,OC1947B,2000
QBKOYI Limited,NX8320Q,1150
MRZDGX Limited,RL7773Z,550
PQDKMO Limited,DO5557J,1450
MBGBXZ Limited,HM6128C,50
MRZDGX Limited,XP1252A,450
PQDKMO Limited,LX9874A,800
YKKFMC Limited,OC7288M,750
MRZDGX Limited,DZ2835L,1850
PQDKMO Limited,EO9568Z,650
MBGBXZ Limited,FK6908X,1950
MRZDGX Limited,KL3793O,300
PQDKMO Limited,QR1071L,1800
QBKOYI Limited,GN4691P,450
YKKFMC Limited,PG7952N,1200
MRZDGX Limited,LI2365B,1100
PQDKMO Limited,ZD2975J,1900
MBGBXZ Limited,AG3756P,1900
MRZDGX Limited,NM4383Y,2300
PQDKMO Limited,FA5078A,2000
YKKFMC Limited,AP8107R,1250
MRZDGX Limited,KC5320Q,200
PQDKMO Limited,KN1485N,450
MBGBXZ Limited,JJ9258X,1900
PQDKMO Limited,LK3017N,1450
QBKOYI Limited,YB7213K,1350
YKKFMC Limited,RX9124N,600
MRZDGX Limited,MI8759N,1850
MBGBXZ Limited,CL2268X,550
MRZDGX Limited,BD7070F,50
PQDKMO Limited,NB4064E,1600
QBKOYI Limited,YY8371Q,1200
YKKFMC Limited,FG8572K,1600
MRZDGX Limited,ZL8783N,1450
PQDKMO Limited,DJ6818B,1950
PQDKMO Limited,AR7016M,1800
QBKOYI Limited,YQ9594P,1750
YKKFMC Limited,ZY9000E,1550
MRZDGX Limited,HO1936L,1000
PQDKMO Limited,XD6496J,2500
MBGBXZ Limited,LG2530L,300
MRZDGX Limited,AK1495Z,2300
PQDKMO Limited,QD6798M,1700
QBKOYI Limited,NE6311C,2300
YKKFMC Limited,HK3203L,1450
MRZDGX Limited,DM9449Y,1450
PQDKMO Limited,ON9597O,1500
MBGBXZ Limited,MO9148C,900
MRZDGX Limited,OL2288Y,300
QBKOYI Limited,CX3598E,1250
YKKFMC Limited,XQ1464H,500
MRZDGX Limited,PM9699X,2100
PQDKMO Limited,QJ4424R,1850
QBKOYI Limited,XN7064H,750
YKKFMC Limited,ZK6152Z,500
MRZDGX Limited,DD2858Y,1600
PQDKMO Limited,AD3937K,300
MRZDGX Limited,EG1064G,2450
PQDKMO Limited,XN5738N,900
QBKOYI Limited,HJ7582I,1950
YKKFMC Limited,MB3144R,950
MRZDGX Limited,OM8456O,1750
PQDKMO Limited,LF6871B,1350
MRZDGX Limited,JE8214Y,1550
PQDKMO Limited,GO4124L,1600
QBKOYI Limited,OY9608Y,1900
YKKFMC Limited,DM1509E,1450
MRZDGX Limited,PK8958I,300
PQDKMO Limited,QH3978N,150
MBGBXZ Limited,BC1502F,2050
MRZDGX Limited,RE7390G,1100
PQDKMO Limited,XD5716X,200
QBKOYI Limited,BX2315K,1050
YKKFMC Limited,IO5849Y,450
MRZDGX Limited,MY4110Q,750
MBGBXZ Limited,AH6543Y,1650
MRZDGX Limited,QK9696O,850
PQDKMO Limited,PP3744K,1000
YKKFMC Limited,FO7195G,1650
MRZDGX Limited,GB9011X,1200
PQDKMO Limited,OX9118H,2350
MBGBXZ Limited,LI2430E,1650
MRZDGX Limited,AR9726H,2200
PQDKMO Limited,MR1106J,1050
QBKOYI Limited,JZ2921E,1500
YKKFMC Limited,QC8019O,1550
MRZDGX Limited,XE8634D,300
PQDKMO Limited,AB7692J,2050
MBGBXZ Limited,HZ3686R,1800
MRZDGX Limited,CJ8023Q,2150
PQDKMO Limited,CH9004A,1050
QBKOYI Limited,AL2055X,200
MRZDGX Limited,ZC8152K,2350
QBKOYI Limited,JL6652R,350
YKKFMC Limited,YO8828B,450
MRZDGX Limited,BF3298X,1600
PQDKMO Limited,GH5809M,1350
QBKOYI Limited,FB4651Q,100
MRZDGX Limited,NH9052Z,900
MBGBXZ Limited,QB6315P,1200
PQDKMO Limited,EQ8806G,250
QBKOYI Limited,RF7313B,800
YKKFMC Limited,CB1926E,2050
PQDKMO Limited,XE4612J,2500
MBGBXZ Limited,DX3631A,1000
MRZDGX Limited,JH9574K,1350
PQDKMO Limited,JH6729D,2200
YKKFMC Limited,CC7396I,200
MRZDGX Limited,KP2836O,1800
MBGBXZ Limited,BZ5751I,350
MRZDGX Limited,YB2987N,50
QBKOYI Limited,OD6971O,850
YKKFMC Limited,HA1974K,100
MRZDGX Limited,QO6492Q,800
PQDKMO Limited,GY8705I,2200
MBGBXZ Limited,JJ3692O,1800
PQDKMO Limited,YK6468Y,350
QBKOYI Limited,PG8096F,1050
YKKFMC Limited,PM7940Y,100
MRZDGX Limited,ME4933M,2450
PQDKMO Limited,YK2760E,50
MBGBXZ Limited,CD8048P,1150
MRZDGX Limited,II7444F,1650
PQDKMO Limited,FG3941Q,950
QBKOYI Limited,ZK1603K,1250
YKKFMC Limited,LB1702D,1250
MRZDGX Limited,QC6411M,2000
PQDKMO Limited,DG4123L,750
MBGBXZ Limited,DJ9449Z,2250
PQDKMO Limited,OA8001G,1600
MBGBXZ Limited,QG2396O,650
MRZDGX Limited,GM7671J,2250
PQDKMO Limited,GM5617O,900
QBKOYI Limited,MD2177C,2300
YKKFMC Limited,OB6801H,500
MRZDGX Limited,XQ7350D,2500
PQDKMO Limited,ED7471H,950
MBGBXZ Limited,CB2829H,2250
MRZDGX Limited,QI7374R,1400
PQDKMO Limited,RA8979M,100
QBKOYI Limited,RM8931K,250
YKKFMC Limited,XY8360G,1050
MRZDGX Limited,RI5085O,750
MBGBXZ Limited,YG9445I,2400
MRZDGX Limited,AC5162Y,2350
PQDKMO Limited,NQ5327K,2250
QBKOYI Limited,GH8517M,2050
YKKFMC Limited,EJ4832O,1450
PQDKMO Limited,PZ3197P,2450
QBKOYI Limited,GQ8993O,2200
YKKFMC Limited,ZN4456X,900
MRZDGX Limited,QA2149L,1950
PQDKMO Limited,FI9505N,2100
MBGBXZ Limited,EB7587P,1450
MRZDGX Limited,LL8173Q,100
PQDKMO Limited,ZE3278K,1800
QBKOYI Limited,CI4912D,150
YKKFMC Limited,MK5955L,1000
MRZDGX Limited,GZ9631G,2000
PQDKMO Limited,DB7082H,150
MBGBXZ Limited,MJ3540R,1700
MRZDGX Limited,BI1650H,1200
PQDKMO Limited,FB5076I,1100
QBKOYI Limited,EB7582H,2400
YKKFMC Limited,CC5622B,1750
MRZDGX Limited,PH6070J,1400
MBGBXZ Limited,GH9071Z,600
MRZDGX Limited,QP7713O,1050
PQDKMO Limited,DY5454G,450
QBKOYI Limited,JK2044Z,1350
YKKFMC Limited,HI9164N,2000
MRZDGX Limited,BO8972F,1450
PQDKMO Limited,NQ7193M,2150
MBGBXZ Limited,FG1690H,1900
MRZDGX Limited,EJ7365B,2450
PQDKMO Limited,FI4145L,500
QBKOYI Limited,JO9122O,1050
YKKFMC Limited,HD8879M,600
MRZDGX Limited,GE3129O,2400
PQDKMO Limited,MG2753B,600
MBGBXZ Limited,OD9937N,1250
PQDKMO Limited,OY7711C,1600
YKKFMC Limited,LG6038F,1650
MRZDGX Limited,CP6115X,1600
PQDKMO Limited,RG5865R,2150
MBGBXZ Limited,BY8405H,50
PQDKMO Limited,HQ3255J,700
YKKFMC Limited,PA8350H,1000
PQDKMO Limited,LK2257I,1350
MBGBXZ Limited,YM4531N,550
MRZDGX Limited,RQ2205I,1650
QBKOYI Limited,IE1306Q,1500
MRZDGX Limited,CJ5244G,1200
PQDKMO Limited,YC9757L,2250
MBGBXZ Limited,IZ9596Y,1400
PQDKMO Limited,OP7631B,1400
MBGBXZ Limited,XK4350D,2400
MRZDGX Limited,GC5837Q,1800
PQDKMO Limited,RO1337M,1350
QBKOYI Limited,ZB2519P,750
YKKFMC Limited,EE6164G,1750
MRZDGX Limited,BL2297G,900
PQDKMO Limited,BB2405Y,250
PQDKMO Limited,BK3316I,2200
QBKOYI Limited,HC8799G,1500
YKKFMC Limited,RB5197C,950
MRZDGX Limited,JM9049L,2400
PQDKMO Limited,PE4911E,1050
MBGBXZ Limited,YK4623I,350
MRZDGX Limited,LJ2442F,1250
YKKFMC Limited,ZY5241N,850
MRZDGX Limited,QP2017X,150
PQDKMO Limited,HM1435N,100
MBGBXZ Limited,KF4628J,1550
MRZDGX Limited,JF1916Q,2450
PQDKMO Limited,QD8272H,1850
YKKFMC Limited,AC3752J,1500
MRZDGX Limited,BB6939R,650
MBGBXZ Limited,FH5982D,1250
MRZDGX Limited,NE9172C,1850
QBKOYI Limited,XO5691E,2150
YKKFMC Limited,PR5126Q,2400
MRZDGX Limited,OX8280P,2000
PQDKMO Limited,YZ2615I,350
MBGBXZ Limited,II7106A,500
MRZDGX Limited,MO1617L,950
PQDKMO Limited,IL2667K,2400
QBKOYI Limited,RL3762R,1250
MRZDGX Limited,GO4390J,2400
MBGBXZ Limited,AR5914C,1300
MRZDGX Limited,KR2712A,2400
PQDKMO Limited,MF3977B,1600
QBKOYI Limited,DD9768J,1600
YKKFMC Limited,PK9139H,1850
MRZDGX Limited,KX4287J,500
MRZDGX Limited,RY8539P,750
PQDKMO Limited,AY5573A,1500
QBKOYI Limited,IZ1014J,1350
YKKFMC Limited,FP5087M,650
MRZDGX Limited,JH6833F,1750
MBGBXZ Limited,BN7805I,2150
PQDKMO Limited,AD8323L,1100
QBKOYI Limited,RI9779I,50
YKKFMC Limited,CH7658J,1700
MRZDGX Limited,ZR4028G,1650
MBGBXZ Limited,NX7529G,1900
MRZDGX Limited,AD7699X,600
PQDKMO Limited,YZ3404M,1550
QBKOYI Limited,EB1135G,300
MRZDGX Limited,IA2727F,800
PQDKMO Limited,ZN3623G,500
MBGBXZ Limited,LN8656Z,850
PQDKMO Limited,AF5024A,350
PQDKMO Limited,ZF3308E,1600
MBGBXZ Limited,OA6241M,150
PQDKMO Limited,BM4504J,1200
QBKOYI Limited,JR1937K,2250
YKKFMC Limited,JN7217D,100
PQDKMO Limited,ZZ7706I,1950
MRZDGX Limited,FR6434C,2300
PQDKMO Limited,OK3401N,2450
QBKOYI Limited,MC3743H,2300
YKKFMC Limited,CX1579K,300
MRZDGX Limited,IY4161D,1750
PQDKMO Limited,QN6068Z,800
MBGBXZ Limited,FF6391P,850
MRZDGX Limited,NG8625X,250
PQDKMO Limited,RG8271Q,2200
QBKOYI Limited,FK1526O,1450
YKKFMC Limited,QK4785I,2350
MRZDGX Limited,MA7958J,2350
PQDKMO Limited,BC5776R,1100
MBGBXZ Limited,KE4666X,1700
MRZDGX Limited,AP2963Y,250
PQDKMO Limited,LM5936R,550
QBKOYI Limited,PE4705J,700
PQDKMO Limited,HY4959X,1550
MRZDGX Limited,JC6070E,150
PQDKMO Limited,AC7988O,2250
YKKFMC Limited,RO8582R,1950
MRZDGX Limited,EE1838L,950
PQDKMO Limited,AQ7950G,1850
MBGBXZ Limited,GK6745L,1150
MRZDGX Limited,EZ7431C,450
GLZGQJ Limited,BF5743N,100
AIDOZP Limited,PO8971L,2400
HCYDEO Limited,AK8725G,1150
YGPBAM Limited,DE2027Y,1550
GGBLEB Limited,XC5049B,850
NGDMHB Limited,RO4538K,1650
NIILJQ Limited,PI9627Z,50
MLHRGX Limited,ZK6918G,150
KPJQZE Limited,QP2702O,1750
FMLQKI Limited,DD7407H,550
BKFRAK Limited,JY9853O,450
GYXNJM Limited,LF5492B,1700
JNFYAI Limited,IP8527A,1950
OBRERL Limited,JR7077H,600
OBLZCY Limited,DM7144J,1300
NBKNKY Limited,RO7936K,450
PBAOLR Limited,NJ1047D,1550
QBKOYI Limited,OF1008G,1050
YKKFMC Limited,EA2726H,450
MRZDGX Limited,KB6437L,450
PQDKMO Limited,ZK4631O,1000
FYOOXN Limited,HL4700O,1350
ICMFEH Limited,NI3658B,1350
RZQGRE Limited,MN1354F,500
FZEXLD Limited,FO2217B,1800
GLZGQJ Limited,PO4095X,1050
AIDOZP Limited,MP2834G,550
HCYDEO Limited,RC5608N,2000
YGPBAM Limited,FZ6908Q,150
GGBLEB Limited,JX4211F,1900
DMLKAP Limited,XJ3800A,2500
NGDMHB Limited,XB6093Y,450
NIILJQ Limited,ER4149Y,650
KPJQZE Limited,HL2878I,450
FMLQKI Limited,ID1637F,850
LIKEIL Limited,YI5913F,350
JNFYAI Limited,AH6174C,2100
OBRERL Limited,XD4779L,2250
PBAOLR Limited,FI9108E,1900
QBKOYI Limited,HQ2304D,1100
YKKFMC Limited,XC4853H,1650
PQDKMO Limited,NA5345A,2250
MFLKGM Limited,BM2361P,1250
FYOOXN Limited,XZ2206G,850
ICMFEH Limited,BJ3696B,500
RZQGRE Limited,DE9232P,950
FZEXLD Limited,QG4081M,1000
AIDOZP Limited,NJ4678H,1250
HCYDEO Limited,PF2530E,1350
GGBLEB Limited,YK7802R,1150
DMLKAP Limited,BY7772O,1500
AEGEQX Limited,LE7257H,500
MRZDGX Limited,MD8603F,950
MBGBXZ Limited,YK3215A,500
FYOOXN Limited,CD3901A,300
ICMFEH Limited,KZ8864I,2400
FZEXLD Limited,AF1157R,2250
GGBLEB Limited,CK8906L,250
JNFYAI Limited,LI4892P,2250
OBLZCY Limited,ML2028C,150
NBKNKY Limited,CY8562C,800
YKKFMC Limited,BG2568B,2400
MRZDGX Limited,HK1351G,2300
PQDKMO Limited,JM5830K,850
HCYDEO Limited,EK9980R,1500
NGDMHB Limited,HO5894Y,2000
NIILJQ Limited,MN4280Z,1200
KPJQZE Limited,YQ4339H,250
FMLQKI Limited,JR7095X,700
LIKEIL Limited,XL1859H,1750
BKFRAK Limited,JX6627M,1000
GYXNJM Limited,II3115M,400
JNFYAI Limited,IL5234O,1400
OBRERL Limited,OB3864H,1450
QBKOYI Limited,AY5334L,1250
PQDKMO Limited,DC6332G,1150
RZQGRE Limited,OC6163Q,2500
GLZGQJ Limited,CJ1092Q,700
AIDOZP Limited,AB6109F,550
HCYDEO Limited,XQ8170P,850
NIILJQ Limited,DR4921J,1000
MLHRGX Limited,BE6028X,2000
KPJQZE Limited,BO5944A,600
LIKEIL Limited,MJ1664L,850
JNFYAI Limited,RQ2304L,550
AEGEQX Limited,HC1432Z,100
QBKOYI Limited,CF1950F,1900
MBGBXZ Limited,NJ1052Q,450
MFLKGM Limited,IQ3538L,2050
FZEXLD Limited,LY6891E,600
HCYDEO Limited,EM3439H,2500
GGBLEB Limited,EA8231L,1200
YKKFMC Limited,FK4180M,2200
PQDKMO Limited,QB3081X,1400
MFLKGM Limited,PQ1305D,2300
FYOOXN Limited,XH4569Q,1350
ICMFEH Limited,AB4201O,1000
GLZGQJ Limited,QI3152X,2500
HCYDEO Limited,EF1617R,550
YGPBAM Limited,MP6822M,550
DMLKAP Limited,GY5118C,2350
JNFYAI Limited,LI7908O,1200
OBRERL Limited,CE6586X,950
NBKNKY Limited,PG7488J,2300
AEGEQX Limited,AF4312E,900
PBAOLR Limited,DR9444L,750
QBKOYI Limited,GG4421B,2150
MRZDGX Limited,RJ3533P,650
DMLKAP Limited,EF4814A,1850
KPJQZE Limited,OL4457I,450
FMLQKI Limited,CX4427Q,100
LIKEIL Limited,YC7500H,2050
BKFRAK Limited,XY2157D,1550
GYXNJM Limited,AG3836G,400
JNFYAI Limited,ND5313Y,2300
OBRERL Limited,QL1961C,2300
NBKNKY Limited,IO5969G,1050
AEGEQX Limited,PC9676J,1450
YKKFMC Limited,YY4380D,2350
MRZDGX Limited,DF4908A,700
PQDKMO Limited,ZJ6660G,450
MBGBXZ Limited,GF1256X,800
FYOOXN Limited,AG9429I,2000
ICMFEH Limited,HL8548N,1150
FZEXLD Limited,OM5104B,1700
GGBLEB Limited,PL3731L,1450
MLHRGX Limited,JX4521H,450
LIKEIL Limited,AP6623R,1100
OBRERL Limited,HG2750K,1050
NBKNKY Limited,NJ5992N,2200
AEGEQX Limited,KO2501P,300
QBKOYI Limited,FN9356Y,1600
YKKFMC Limited,XY8042H,1300
MBGBXZ Limited,LQ9855N,1550
MFLKGM Limited,KC5247L,300
FYOOXN Limited,QD9344N,1150
ICMFEH Limited,ND9959A,2050
FZEXLD Limited,FM2943B,1950
HCYDEO Limited,HH5003B,650
YGPBAM Limited,BD9359N,800
GGBLEB Limited,KP5366K,200
DMLKAP Limited,YY8904C,450
AEGEQX Limited,DD4802N,1050
PQDKMO Limited,AM3013O,2100
FYOOXN Limited,IG1615H,2350
ICMFEH Limited,OR7548N,1450
RZQGRE Limited,LP9037D,200
YGPBAM Limited,BB8550F,1600
GGBLEB Limited,HD8799J,750
OBRERL Limited,BX4811R,1950
OBLZCY Limited,OR5197F,2100
YKKFMC Limited,QR5903P,2100
MRZDGX Limited,KC3168I,1750
GLZGQJ Limited,MD5733K,1550
YGPBAM Limited,CH1797M,1500
GGBLEB Limited,DN9058Q,1300
FMLQKI Limited,AF7626K,2500
LIKEIL Limited,CI4046J,1400
BKFRAK Limited,BK7450L,1150
GYXNJM Limited,XJ2405M,50
JNFYAI Limited,HQ1605F,1650
OBRERL Limited,RD5971E,650
OBLZCY Limited,LO1366J,900
QBKOYI Limited,MJ7425I,2350
YKKFMC Limited,PR1105C,1700
PQDKMO Limited,PG8301N,700
MBGBXZ Limited,XQ5197O,1100
ICMFEH Limited,XJ9260Q,850
GLZGQJ Limited,LA9291J,1650
AIDOZP Limited,DF8903G,1300
YGPBAM Limited,MR7974A,750
MLHRGX Limited,XC4716B,2350
KPJQZE Limited,JZ3758M,1450
OBRERL Limited,OG3386Q,1750
NBKNKY Limited,RR1849H,400
AEGEQX Limited,GR3660C,1200
QBKOYI Limited,QC7366O,1350
YKKFMC Limited,RE2668A,300
PQDKMO Limited,KZ6841C,2050
MBGBXZ Limited,FM4263G,2450
MFLKGM Limited,BR2943N,250
GLZGQJ Limited,OM5361Z,1750
AIDOZP Limited,PA5565R,50
DMLKAP Limited,MM2001P,2050
MRZDGX Limited,BA2808I,450
PQDKMO Limited,XB2589L,250
MFLKGM Limited,OE4196M,1100
FYOOXN Limited,CI9052M,1400
GLZGQJ Limited,RG7209O,2000
AIDOZP Limited,CZ3984L,1550
HCYDEO Limited,RP6334Y,400
YGPBAM Limited,RL9371D,850
DMLKAP Limited,CZ9318H,650
JNFYAI Limited,XE1404C,2300
OBRERL Limited,AQ2002L,1250
OBLZCY Limited,NK8267C,1450
QBKOYI Limited,AP4947I,2100
YKKFMC Limited,JE2747F,1900
MRZDGX Limited,MP7454K,250
PQDKMO Limited,IX5216D,1000
FYOOXN Limited,DR8533M,1250
ICMFEH Limited,JX3194X,700
FZEXLD Limited,QN1329O,700
AIDOZP Limited,MB5441H,350
HCYDEO Limited,KK6315G,500
YGPBAM Limited,YI3544N,2250
GGBLEB Limited,IR8465J,2100
DMLKAP Limited,YR1102X,150
MBGBXZ Limited,CM6474E,1250
RZQGRE Limited,LF1385R,250
FZEXLD Limited,ZO8404M,500
GLZGQJ Limited,HY5714C,850
HCYDEO Limited,KL4436I,1850
YGPBAM Limited,KA7218Q,1950
GGBLEB Limited,OE5860E,2200
NIILJQ Limited,RL4776R,1900
MLHRGX Limited,YA9985I,1700
FMLQKI Limited,HQ4881P,700
LIKEIL Limited,XJ1543X,500
OBRERL Limited,QX1129E,1400
NBKNKY Limited,BH1750P,900
AEGEQX Limited,IN2657O,2350
QBKOYI Limited,MR5783L,1900
MBGBXZ Limited,JN1902Z,1150
MFLKGM Limited,BE8642Q,250
GLZGQJ Limited,DZ9715N,1300
HCYDEO Limited,QF9359Y,1700
YGPBAM Limited,DX7724J,250
DMLKAP Limited,RZ5278A,500
NIILJQ Limited,IK7597I,100
MLHRGX Limited,OI6278Y,1250
KPJQZE Limited,JD1955Q,1300
FMLQKI Limited,FI3560Q,950
LIKEIL Limited,RK7193O,1950
OBLZCY Limited,JA5207K,2250
PBAOLR Limited,CR3363X,1100
PQDKMO Limited,HQ4633G,1600
QBKOYI Limited,QE1223A,1700
PQDKMO Limited,ZG6731F,2050
MBGBXZ Limited,ER7072L,450
MRZDGX Limited,BD2299P,2350
YKKFMC Limited,LP2542D,1500
MBGBXZ Limited,MF5324H,950
PQDKMO Limited,PE9847L,1600
QBKOYI Limited,NC7450H,2450
YKKFMC Limited,YH7131G,150
MBGBXZ Limited,ML7479F,1400
QBKOYI Limited,MZ8902H,1350
PQDKMO Limited,DM8333A,800
MBGBXZ Limited,IE6429Y,1100
MRZDGX Limited,HB7972R,400
PQDKMO Limited,GJ9714Y,950
QBKOYI Limited,CH7147B,1950
MRZDGX Limited,LR6311J,200
YKKFMC Limited,XO5373Q,1350
MRZDGX Limited,QK7376P,2250
MBGBXZ Limited,ZF7816G,250
MRZDGX Limited,EF9048R,1700
YKKFMC Limited,XO5051D,950
MRZDGX Limited,GG5553K,2050
PQDKMO Limited,GX8654H,1900
MRZDGX Limited,YF1262G,650
PQDKMO Limited,CM3801H,200
QBKOYI Limited,IB8773I,1050
YKKFMC Limited,EA8246J,50
MBGBXZ Limited,QL9119Y,2000
MRZDGX Limited,GK5566G,2400
MRZDGX Limited,HH8128R,2400
QBKOYI Limited,DB6625P,1450
YKKFMC Limited,IB5634H,2150
MRZDGX Limited,CI3015C,1200
PQDKMO Limited,LF6289Y,900
MRZDGX Limited,PJ1390J,2150
QBKOYI Limited,PZ4417E,750
MRZDGX Limited,PP5963P,2500
PQDKMO Limited,NR8835N,650
MRZDGX Limited,QE3584A,250
PQDKMO Limited,DH6573I,1750
PQDKMO Limited,CD6031K,2300
MBGBXZ Limited,LZ7774J,1050
MRZDGX Limited,HK7657E,1250
PQDKMO Limited,RO5522M,2150
QBKOYI Limited,AL5006B,350
MRZDGX Limited,HD1748X,2200
MBGBXZ Limited,OQ8758J,1900
MRZDGX Limited,JK2022M,750
YKKFMC Limited,DO8344R,2250
PQDKMO Limited,EG7699O,200
MBGBXZ Limited,QR3405A,1600
YKKFMC Limited,OZ8399H,1250
MRZDGX Limited,JY3083M,1750
MBGBXZ Limited,GG2239R,550
MRZDGX Limited,CC7309A,1700
PQDKMO Limited,NG1409L,1050
YKKFMC Limited,HP8438L,950
MRZDGX Limited,QF9161A,2200
MBGBXZ Limited,EM4511G,1600
MRZDGX Limited,AP8729A,2500
MRZDGX Limited,NG4120D,1250
MRZDGX Limited,IK8785D,600
PQDKMO Limited,DO1183C,1100
MRZDGX Limited,YH8413A,1050
PQDKMO Limited,AD2062C,1800
MBGBXZ Limited,ME8615Q,2050
MRZDGX Limited,EG2575P,1050
PQDKMO Limited,FI2308Y,2050
YKKFMC Limited,CH3175F,2000
MRZDGX Limited,XQ3504Y,300
MBGBXZ Limited,DL8297C,2200
MRZDGX Limited,RM3692P,1850
PQDKMO Limited,NM7397E,600
QBKOYI Limited,DI3583P,350
MRZDGX Limited,IZ1769F,2450
PQDKMO Limited,ME5100J,1200
PQDKMO Limited,BP7669O,1850
MRZDGX Limited,GG1060E,1950
YKKFMC Limited,XH3702F,250
MRZDGX Limited,QF7619A,2250
PQDKMO Limited,DQ8454E,1450
MBGBXZ Limited,YN4220H,750
MRZDGX Limited,NA1143Q,800
PQDKMO Limited,FD8638C,50
QBKOYI Limited,OG6304H,1050
YKKFMC Limited,CI2536Y,1250
MBGBXZ Limited,LP3393P,850
MRZDGX Limited,GY2313Q,1800
PQDKMO Limited,PK8786C,150
QBKOYI Limited,IN3764R,1200
MRZDGX Limited,MQ2148Y,950
PQDKMO Limited,NF4873R,200
MBGBXZ Limited,ZC4438I,1850
MRZDGX Limited,OM8076X,1900
PQDKMO Limited,ZX3548E,1350
YKKFMC Limited,CY4735N,100
MRZDGX Limited,ZE2271I,1300
PQDKMO Limited,KE1676P,1400
QBKOYI Limited,LE9558R,2350
MBGBXZ Limited,RD2326P,450
PQDKMO Limited,NJ1520E,1450
MRZDGX Limited,DQ9936F,900
PQDKMO Limited,ZC5735G,750
QBKOYI Limited,AM3551X,2150
YKKFMC Limited,XM3528N,400
QBKOYI Limited,XL3261N,1950
YKKFMC Limited,KK4645F,1650
PQDKMO Limited,GH7932P,1950
QBKOYI Limited,YL4843C,900
PQDKMO Limited,GN1757G,2000
MBGBXZ Limited,CF7278X,1700
QBKOYI Limited,XD6105M,1750
PQDKMO Limited,NR7859I,400
MRZDGX Limited,EC3021Z,400
QBKOYI Limited,KX7126Q,150
YKKFMC Limited,CY6883Y,1250
PQDKMO Limited,EH8282D,100
MRZDGX Limited,CG9920N,950
PQDKMO Limited,OC3935K,2150
QBKOYI Limited,GO3539P,800
MRZDGX Limited,PP5998E,2450
PQDKMO Limited,MO3920R,1650
MBGBXZ Limited,MQ6431D,900
MRZDGX Limited,BN7833E,2050
YKKFMC Limited,GC9320F,600
MRZDGX Limited,FF8318X,750
PQDKMO Limited,CE9576Y,2050
MRZDGX Limited,PQ8570H,250
PQDKMO Limited,FJ8831B,1500
QBKOYI Limited,FI5622L,600
YKKFMC Limited,FG1405N,2050
MRZDGX Limited,BL7554I,1500
PQDKMO Limited,OG3848X,2100
MBGBXZ Limited,HQ7444Q,1200
MRZDGX Limited,YA2781X,1800
PQDKMO Limited,CC5768E,200
QBKOYI Limited,HJ9653E,350
YKKFMC Limited,DJ8490P,300
MRZDGX Limited,IH6497D,900
MBGBXZ Limited,ZB5438X,1600
YKKFMC Limited,OK4886I,1000
MRZDGX Limited,QI3726M,1950
PQDKMO Limited,YK4724A,1350
PQDKMO Limited,IA4077G,2200
MRZDGX Limited,DQ6838Z,700
MBGBXZ Limited,RF3069P,2050
MRZDGX Limited,BF5578I,950
QBKOYI Limited,CI6647I,600
PQDKMO Limited,MI4744I,800
PQDKMO Limited,PY5191Y,1850
QBKOYI Limited,GZ1225O,2350
MRZDGX Limited,QD4180Z,1400
MRZDGX Limited,CB5473D,350
QBKOYI Limited,OY3871P,750
MRZDGX Limited,AR2497B,1200
MBGBXZ Limited,HK5620Q,2150
YKKFMC Limited,BN5452I,1100
PQDKMO Limited,DK1823O,400
PQDKMO Limited,NZ7719G,200
QBKOYI Limited,XQ7587F,1350
PQDKMO Limited,ZJ7195Z,450
PQDKMO Limited,JB3090N,100
MBGBXZ Limited,PE2225K,2000
MRZDGX Limited,NQ4723E,1400
PQDKMO Limited,CI4985R,500
QBKOYI Limited,OK4763N,1050
YKKFMC Limited,QE4800R,1500
MRZDGX Limited,QE6112F,100
PQDKMO Limited,NF3491O,1250
MRZDGX Limited,AK2097P,2100
PQDKMO Limited,KA5597J,100
YKKFMC Limited,JX7367O,1650
MRZDGX Limited,NA5167L,800
PQDKMO Limited,MZ7925R,1750
MBGBXZ Limited,MO8550B,750
MRZDGX Limited,XY9814H,1100
QBKOYI Limited,EE6036M,950
YKKFMC Limited,IE5492M,200
MBGBXZ Limited,ZO4642O,1650
MRZDGX Limited,PB7044P,1650
MRZDGX Limited,QJ9061P,500
PQDKMO Limited,IE2318J,800
MRZDGX Limited,LP1065R,1400
MRZDGX Limited,FN9051X,1900
PQDKMO Limited,GA6780C,1050
YKKFMC Limited,MB9821F,950
MRZDGX Limited,MF3503B,1150
PQDKMO Limited,PQ3365N,950
MBGBXZ Limited,FP8792H,550
MRZDGX Limited,RD2215I,1500
QBKOYI Limited,GN5097Z,2350
YKKFMC Limited,IO1888Y,2300
MRZDGX Limited,FQ7095C,1400
PQDKMO Limited,NK4853Z,350
QBKOYI Limited,BQ1916P,2000
PQDKMO Limited,NH8272R,550
MBGBXZ Limited,IQ6455O,2000
PQDKMO Limited,BD3693Z,1300
QBKOYI Limited,NZ5995M,1000
PQDKMO Limited,ZX1284R,1400
PQDKMO Limited,KH2173K,2300
MBGBXZ Limited,EP9821G,2350
MRZDGX Limited,OH5034R,300
PQDKMO Limited,JM4595Q,400
QBKOYI Limited,PM2408O,1650
YKKFMC Limited,HJ9377H,1350
MRZDGX Limited,IL9640B,1300
MBGBXZ Limited,IM8639N,550
PQDKMO Limited,DM7134Z,150
PQDKMO Limited,BP1478M,2200
QBKOYI Limited,BQ3205P,2150
MBGBXZ Limited,BO3979E,1000
AIDOZP Limited,GH9256P,450
YGPBAM Limited,CC1046D,550
DMLKAP Limited,GA4335Y,250
NGDMHB Limited,BH8307P,2050
KPJQZE Limited,DY5460N,1450
FMLQKI Limited,JR4054O,1300
LIKEIL Limited,HO4287Z,2000
BKFRAK Limited,LI2190D,500
JNFYAI Limited,JA6074P,1200
OBLZCY Limited,BB8856R,1450
NBKNKY Limited,OZ6360R,350
AEGEQX Limited,RE8846K,2000
PBAOLR Limited,NB1248G,1150
QBKOYI Limited,YX1119B,1150
YKKFMC Limited,YL7431D,1150
MRZDGX Limited,MN6201O,850
MBGBXZ Limited,JQ2651M,1250
MFLKGM Limited,II5985A,650
FYOOXN Limited,LX9073Q,950
ICMFEH Limited,GK4394M,1900
RZQGRE Limited,OA2483Q,750
FZEXLD Limited,MO7815A,2450
GLZGQJ Limited,OA8754D,2100
AIDOZP Limited,ZF4703D,1950
HCYDEO Limited,YL3683A,100
YGPBAM Limited,II3855O,1750
NGDMHB Limited,XH5081X,2000
NIILJQ Limited,HJ6423O,1000
KPJQZE Limited,IY9802N,2200
FMLQKI Limited,NF5178Y,2100
LIKEIL Limited,YD8764I,550
OBRERL Limited,NJ3759A,2250
NBKNKY Limited,FY1647P,1800
AEGEQX Limited,RQ4900D,1950
PBAOLR Limited,QL6143O,750
QBKOYI Limited,FB7873D,1850
YKKFMC Limited,MC5644Z,1300
MRZDGX Limited,OZ7664H,2200
FYOOXN Limited,DC1757P,750
ICMFEH Limited,PA6891R,500
GLZGQJ Limited,QJ4555F,1850
AIDOZP Limited,EP5970E,350
YGPBAM Limited,EC8185B,1950
GGBLEB Limited,HJ3319L,800
AEGEQX Limited,NH1110H,1150
PBAOLR Limited,OA6415C,1450
YKKFMC Limited,FR9147R,1000
PQDKMO Limited,FZ2915D,1400
MBGBXZ Limited,LA3924X,2150
RZQGRE Limited,AQ9336N,1900
GLZGQJ Limited,IG8830I,750
AIDOZP Limited,NN1100I,1700
HCYDEO Limited,AL8110F,1150
JNFYAI Limited,BP7445Z,1600
OBRERL Limited,IQ3083R,1000
AEGEQX Limited,LY7731C,100
PBAOLR Limited,DD8655M,1950
MRZDGX Limited,FQ3914D,2200
HCYDEO Limited,BF1549B,700
YGPBAM Limited,EM7307R,550
GGBLEB Limited,ZB4651B,100
DMLKAP Limited,DF5825I,1350
KPJQZE Limited,RK8862E,1900
JNFYAI Limited,QB6333Y,650
OBLZCY Limited,GZ6263D,1500
PBAOLR Limited,NQ4902G,100
YKKFMC Limited,QC3976X,100
MRZDGX Limited,XJ5802I,1350
PQDKMO Limited,JZ9289M,1800
MBGBXZ Limited,JF6307P,1350
FYOOXN Limited,KA4843I,600
ICMFEH Limited,EI9297P,1750
RZQGRE Limited,CI8932D,1100
GLZGQJ Limited,GE5838M,1150
HCYDEO Limited,IL9296D,1450
YGPBAM Limited,AL7096Q,1500
DMLKAP Limited,FL7253J,250
FMLQKI Limited,LN1538Z,1300
JNFYAI Limited,ME9644L,1100
OBLZCY Limited,OZ3193G,1000
AEGEQX Limited,QZ8453R,50
PBAOLR Limited,ZL7247Y,1450
QBKOYI Limited,EQ4941C,2150
YKKFMC Limited,LL1323P,500
GLZGQJ Limited,HK8522X,2500
AIDOZP Limited,FL1426K,1500
HCYDEO Limited,NX8055K,1200
DMLKAP Limited,AH8126J,1600
AEGEQX Limited,PP2461O,150
PBAOLR Limited,GI3789L,2200
YKKFMC Limited,OZ8789O,1150
MRZDGX Limited,FX3576K,1200
MBGBXZ Limited,ER9595L,1450
ICMFEH Limited,EL6793Z,1250
RZQGRE Limited,MK2848B,1350
HCYDEO Limited,AZ4975J,400
DMLKAP Limited,GO6669O,1200
JNFYAI Limited,YA9884F,2350
OBRERL Limited,DN6414X,900
NBKNKY Limited,JF2109D,50
QBKOYI Limited,DI5648K,1700
YKKFMC Limited,EQ7918G,2200
MRZDGX Limited,BG6981B,1400
PQDKMO Limited,AY6146A,1600
GLZGQJ Limited,ED5974D,650
AIDOZP Limited,EB1210F,950
DMLKAP Limited,DD7703M,100
KPJQZE Limited,YL3546A,800
FMLQKI Limited,JI6103B,2350
LIKEIL Limited,BL5855Y,150
MRZDGX Limited,OJ8719N,750
PQDKMO Limited,RE2943I,2400
AIDOZP Limited,AM2235Z,1500
HCYDEO Limited,XN6158N,1500
NGDMHB Limited,DM1581F,950
FMLQKI Limited,JZ6797Q,2150
LIKEIL Limited,YP5583C,950
PBAOLR Limited,HY8503F,700
YKKFMC Limited,HA9068M,2450
PQDKMO Limited,MB7287Z,1900
ICMFEH Limited,XL6342F,2250
FZEXLD Limited,LC3861J,650
YGPBAM Limited,IC3599E,600
DMLKAP Limited,YK6063C,2100
AEGEQX Limited,HZ2753G,1400
QBKOYI Limited,HZ5790R,1100
YKKFMC Limited,BL4751I,1950
PQDKMO Limited,FH2184N,2250
RZQGRE Limited,BR4259G,1800
GLZGQJ Limited,JF7221G,1900
HCYDEO Limited,YH4038C,2000
YGPBAM Limited,CE9312N,1550
DMLKAP Limited,KQ8021Y,1900
JNFYAI Limited,AL9072R,500
OBRERL Limited,MR7128R,1100
AEGEQX Limited,LK7014M,600
PBAOLR Limited,HA6973E,2300
MRZDGX Limited,EL3638P,1100
PQDKMO Limited,GI3393R,200
AEGEQX Limited,LL6525M,200
YKKFMC Limited,MO6750D,100
PQDKMO Limited,OX7950M,650
GLZGQJ Limited,XL9912F,1700
HCYDEO Limited,EO4350Z,1400
YGPBAM Limited,CD1655O,1700
GGBLEB Limited,CN4141F,1650
NGDMHB Limited,MN5476P,2100
NIILJQ Limited,HD6326X,1650
MLHRGX Limited,GL9536B,400
KPJQZE Limited,ZY8981C,2450
BKFRAK Limited,KO6373D,1850
GYXNJM Limited,LN6618R,1950
JNFYAI Limited,IC5325E,1850
OBRERL Limited,MG6142F,2150
OBLZCY Limited,CQ2188O,1700
AEGEQX Limited,IM4642Q,250
QBKOYI Limited,XZ3189D,1650
YKKFMC Limited,DY4842P,1000
MBGBXZ Limited,FO1130L,450
RZQGRE Limited,HL2745X,1650
HCYDEO Limited,XA6867R,1700
YGPBAM Limited,JN3384P,650
GGBLEB Limited,RR7061M,550
DMLKAP Limited,DA3047M,100
NIILJQ Limited,EN2392J,500
MLHRGX Limited,ND5621P,500
OBRERL Limited,EG7747R,1700
OBLZCY Limited,EL9157J,150
AEGEQX Limited,NR2807K,1450
PBAOLR Limited,ZG8898D,600
MRZDGX Limited,IX5158A,450
PQDKMO Limited,YR7800Y,1500
FYOOXN Limited,MC4111N,1650
ICMFEH Limited,IJ1527I,1050
AIDOZP Limited,LA2087I,2350
YGPBAM Limited,QN7533B,550
GGBLEB Limited,PH9995N,700
PBAOLR Limited,DI1247D,1800
YKKFMC Limited,RL5696L,350
MRZDGX Limited,NM3111C,1400
PQDKMO Limited,HM6533J,950
MBGBXZ Limited,FH5433A,1850
MFLKGM Limited,RD1135D,1600
FYOOXN Limited,DY4390E,2100
RZQGRE Limited,NA5859J,1750
AIDOZP Limited,YR8517O,900
HCYDEO Limited,OF8695Z,100
JNFYAI Limited,OJ5505O,300
NBKNKY Limited,BH3736J,250
AEGEQX Limited,YR1893P,800
MRZDGX Limited,ZH5856D,1600
PQDKMO Limited,HC9119H,1150
LIKEIL Limited,FK7786J,1300
BKFRAK Limited,FB9963J,1400
GYXNJM Limited,DR4627C,550
OBRERL Limited,HL4004O,1500
YKKFMC Limited,DB9934O,750
MRZDGX Limited,XA7818E,150
MBGBXZ Limited,RF6640P,1450
MFLKGM Limited,LF8308P,2300
FYOOXN Limited,JZ3892J,1950
ICMFEH Limited,YI5623P,1800
RZQGRE Limited,OK8199P,700
FZEXLD Limited,MZ2368Q,1950
GLZGQJ Limited,GL9772Z,1550
AIDOZP Limited,RA3162P,1000
HCYDEO Limited,DL8064B,2350
MLHRGX Limited,GG9937Y,2450
KPJQZE Limited,OC3006Y,1150
LIKEIL Limited,RG6063F,100
JNFYAI Limited,YQ6703Z,600
OBLZCY Limited,GG9282J,100
AEGEQX Limited,FG8155Y,1850
PBAOLR Limited,MB3339C,1950
YKKFMC Limited,LL5866I,850
MRZDGX Limited,QQ5623C,850
PQDKMO Limited,AA8959B,1700
MBGBXZ Limited,PK6234I,2200
FYOOXN Limited,MK1678H,850
RZQGRE Limited,CK7141G,650
GLZGQJ Limited,NE7372R,1050
HCYDEO Limited,ON4469A,1350
YGPBAM Limited,EN2402P,550
PBAOLR Limited,ID7372H,1800
QBKOYI Limited,JK3415P,150
MRZDGX Limited,YC4484F,250
PQDKMO Limited,OH9350A,1250
MBGBXZ Limited,JK7551D,1650
MFLKGM Limited,QZ9961N,750
FYOOXN Limited,ZQ1818E,2250
RZQGRE Limited,OR1811D,1650
FZEXLD Limited,GQ2022B,1100
GLZGQJ Limited,BA7941E,2000
YGPBAM Limited,PY1695O,700
OBRERL Limited,AX2781E,2400
OBLZCY Limited,RQ4254O,1150
PBAOLR Limited,IK4495B,1350
QBKOYI Limited,NK7985E,2300
YKKFMC Limited,ZG3096A,2150
MRZDGX Limited,ZN9686J,2250
RZQGRE Limited,PJ9080F,350
GLZGQJ Limited,YP2237B,2400
MLHRGX Limited,YM4255E,400
KPJQZE Limited,HG9290H,1700
FMLQKI Limited,QY5454Y,450
LIKEIL Limited,JG4924Z,2450
OBRERL Limited,CC6294D,2150
OBLZCY Limited,ZY7991L,1300
AEGEQX Limited,QP6909A,2350
PBAOLR Limited,LO8983A,1750
YKKFMC Limited,CN7260N,1300
MRZDGX Limited,DM5280H,1800
MFLKGM Limited,FE9160K,950
FZEXLD Limited,OO6839O,2250
HCYDEO Limited,RB9295X,150
AEGEQX Limited,AJ1565I,450
QBKOYI Limited,OH6631L,750
YKKFMC Limited,OP9438Y,2150
PQDKMO Limited,OR7612F,50
MBGBXZ Limited,PB7764Y,2050
RZQGRE Limited,PH4485E,1700
AIDOZP Limited,AF5958J,2300
HCYDEO Limited,OA4778P,950
JNFYAI Limited,CE7343K,1550
NBKNKY Limited,LM2110I,50
AEGEQX Limited,GX1656G,650
PBAOLR Limited,RO4378H,2250
QBKOYI Limited,GC8936N,500
MRZDGX Limited,HP9756H,1050
FYOOXN Limited,HB1044L,700
RZQGRE Limited,DD4764X,550
GLZGQJ Limited,DF2501Z,500
HCYDEO Limited,PX6505B,600
YGPBAM Limited,CN6004P,500
DMLKAP Limited,BK8328C,2050
MLHRGX Limited,BZ8430D,2450
KPJQZE Limited,KZ4878L,1150
LIKEIL Limited,ZP4308I,1450
OBRERL Limited,KO4358D,200
MRZDGX Limited,BX7635C,800
MFLKGM Limited,QR6235I,1550
